Name,Math,Science,English,History,Computer
Ali Hassan,88,92,75,80,95
Sara Khan,72,65,88,90,78
Ahmed Raza,55,60,50,48,62
Fatima Malik,95,98,92,88,99
Bilal Ahmed,40,35,55,60,45
Zara Sheikh,78,82,80,75,88
Omar Farooq,63,70,68,72,65
Nadia Hussain,91,85,94,89,93
Hamza Butt,50,55,48,52,58
Ayesha Mirza,82,78,85,80,90
